"gene symbol","gene mim","disease name","disease mim","DDD category","allelic requirement","mutation consequence",phenotypes,"organ specificity list",pmids,panel,"prev symbols","hgnc id","gene disease pair entry date"
APC,"No gene mim","DESMOID DISEASE, HEREDITARY","No disease mim",confirmed,monoallelic,,,,8940264;8968744;10077730;10782927,Cancer,,583,"2016-11-29 13:19:26"
APC,"No gene mim","ADENOMATOUS POLYPOSIS COLI","No disease mim",confirmed,monoallelic,"loss of function",,,1651174;8252630;10494086;8019566;7661930;9288102;9950370;2164769;15771908;9916927;10598803;7797123;9724771;9603437;1651563;9521420;10562580;9487968;1324223;12136240;8931709;7485167;8162051;8281160,Cancer,,583,"2016-11-29 13:19:26"
ATM,607585,ATAXIA-TELANGIECTASIA,208900,confirmed,biallelic,"loss of function",,,9443866;11889466;22345219;9450874;8808599;9600235;8968760;9781027;9887333;7792600;11826028;9521587;2491181;8755918,Cancer,ATD;ATA;ATDC;ATC,795,"2016-11-29 13:19:26"
BAP1,"No gene mim","TUMOR PREDISPOSITION SYNDROME","No disease mim",confirmed,monoallelic,"loss of function",,,21874003;21941004;21874000;23684012,Cancer,,950,"2016-11-29 13:19:26"
BMPR1A,"No gene mim","JUVENILE POLYPOSIS SYNDROME, INFANTILE FORM","No disease mim",confirmed,monoallelic,"loss of function",,,9811934;9582123;10398437,Cancer,ACVRLK3,1076,"2016-11-29 13:19:26"
BRCA1,"No gene mim","BREAST-OVARIAN CANCER, FAMILIAL, 1","No disease mim",confirmed,monoallelic,"loss of function",,,10417303;7545954;11039575;7894492;10788334;9150173;7894493;7894491;10196379;8968716;11157798;8644702;9616287;9585617;18285836;9927062;12014998,Cancer,,1100,"2016-11-29 13:19:26"
BRCA2,"No gene mim","PROSTATE CANCER","No disease mim",confirmed,monoallelic,"loss of function",,,15750593,Cancer,FANCD1;FACD;FANCD,1101,"2016-11-29 13:19:26"
BRCA2,"No gene mim","WILMS TUMOR","No disease mim",confirmed,monoallelic,"loss of function",,,12085187,Cancer,FANCD1;FACD;FANCD,1101,"2016-11-29 13:19:26"
BRCA2,"No gene mim","FANCONI ANEMIA, COMPLEMENTATION GROUP D1","No disease mim",confirmed,biallelic,"loss of function",,,14670928;15070707;12065746,Cancer,FANCD1;FACD;FANCD,1101,"2016-11-29 13:19:26"
BRCA2,"No gene mim","BREAST-OVARIAN CANCER, FAMILIAL, 2","No disease mim",confirmed,monoallelic,"loss of function",,,8589730;11039575;11062481;8673090;9150155;8524414;8673092;9585617;12145750;11158174,Cancer,FANCD1;FACD;FANCD,1101,"2016-11-29 13:19:26"
BRIP1,605882,"FANCONI ANEMIA, COMPLEMENTATION GROUP J",609054,confirmed,biallelic,"loss of function",,,16116424,Cancer,,20473,"2016-11-29 13:19:26"
BUB1B,602860,"MOSAIC VARIEGATED ANEUPLOIDY SYNDROME 1",257300,confirmed,biallelic,"loss of function",,,21190457;16411201;11169558;9916837;15475955,Cancer,,1149,"2016-11-29 13:19:26"
CDH1,"No gene mim","GASTRIC CANCER, FAMILIAL DIFFUSE, WITH OR WITHOUT CLEFT LIP AND/OR PALATE","No disease mim",confirmed,monoallelic,"loss of function",,,12042667,Cancer,UVO,1748,"2016-11-29 13:19:26"
CDK4,"No gene mim","MELANOMA, CUTANEOUS MALIGNANT, 3","No disease mim",confirmed,monoallelic,,,,7652577;9425228,Cancer,,1773,"2016-11-29 13:19:26"
CDKN1C,600856,"BECKWITH-WIEDEMANN SYNDROME",130650,confirmed,monoallelic,"loss of function",,,20503313;8841187;26077438;9341892,Cancer,BWS;BWCR,1786,"2016-11-29 13:19:26"
CDKN2A,"No gene mim","MELANOMA, CUTANEOUS MALIGNANT, 2","No disease mim",confirmed,monoallelic,"loss of function",,,7670475;8153634;8727306;9516223;11506491;9603434;11726555;17492760;7624155;11725203;9328469;20132244;18178632;8653684;7987387,Cancer,MLM;CDKN2,1787,"2016-11-29 13:19:26"
CEBPA,"No gene mim","LEUKEMIA, ACUTE MYELOID","No disease mim",confirmed,monoallelic,"loss of function",,,12661007;11242107;15575056,Cancer,CEBP,1833,"2016-11-29 13:19:27"
CEP57,607951,"MOSAIC VARIEGATED ANEUPLOIDY SYNDROME 2",614114,confirmed,biallelic,"loss of function",,,21552266;12116237,Cancer,,30794,"2016-11-29 13:19:27"
CHEK2,"No gene mim","LI-FRAUMENI SYNDROME","No disease mim",confirmed,monoallelic,"loss of function",,,11719428;10617473,Cancer,RAD53,16627,"2016-11-29 13:19:27"
CYLD,"No gene mim","CYLINDROMATOSIS, FAMILIAL","No disease mim",confirmed,monoallelic,"loss of function",,,19807742;10835629;16922728;12190880,Cancer,CYLD1,2584,"2016-11-29 13:19:27"
CYLD,"No gene mim","TRICHOEPITHELIOMA, MULTIPLE FAMILIAL, 1","No disease mim",confirmed,monoallelic,"loss of function",,,16307661;14632188,Cancer,CYLD1,2584,"2016-11-29 13:19:27"
CYLD,"No gene mim","BROOKE-SPIEGLER SYNDROME","No disease mim",confirmed,monoallelic,"loss of function",,,19807742;12950348,Cancer,CYLD1,2584,"2016-11-29 13:19:27"
DDB2,600811,"XERODERMA PIGMENTOSUM, GROUP E, DDB-NEGATIVE SUBTYPE",278740,confirmed,biallelic,"loss of function",,,8798680;10469312;12812979,Cancer,,2718,"2016-11-29 13:19:27"
DICER1,"No gene mim","GOITER, MULTINODULAR 1, WITH OR WITHOUT SERTOLI-LEYDIG CELL TUMORS","No disease mim",confirmed,monoallelic,"loss of function",,,21205968;9295070;9345104,Cancer,MNG1,17098,"2016-11-29 13:19:27"
DICER1,"No gene mim","RHABDOMYOSARCOMA, EMBRYONAL, 2","No disease mim",probable,monoallelic,"loss of function",,,25836323;21882293,Cancer,MNG1,17098,"2016-11-29 13:19:27"
DICER1,"No gene mim","PLEUROPULMONARY BLASTOMA","No disease mim",confirmed,monoallelic,,,,21036787;19556464;25209242,Cancer,MNG1,17098,"2016-11-29 13:19:27"
DIS3L2,614184,"PERLMAN SYNDROME",267000,confirmed,biallelic,"loss of function",,,6093533;10508986;22306653,Cancer,FAM6A,28648,"2016-11-29 13:19:27"
EPCAM,"No gene mim","COLORECTAL CANCER, HEREDITARY NONPOLYPOSIS, TYPE 8","No disease mim",confirmed,,"loss of function",,,19098912,Cancer,M4S1;TACSTD1;MIC18,11529,"2016-11-29 13:19:27"
ERCC2,126340,"XERODERMA PIGMENTOSUM, GROUP D","No disease mim",confirmed,biallelic,"loss of function",,,11443545;11709541;7849702;9101292;7585650,Cancer,XPD,3434,"2016-11-29 13:19:27"
ERCC3,133510,"XERODERMA PIGMENTOSUM, GROUP B","No disease mim",confirmed,biallelic,"loss of function",,,16947863;8408834;4811796,Cancer,,3435,"2016-11-29 13:19:27"
ERCC4,133520,"XERODERMA PIGMENTOSUM, GROUP F",278760,confirmed,biallelic,"loss of function",,,3372781;8797827;23623389,Cancer,XPF,3436,"2016-11-29 13:19:27"
ERCC4,133520,"FANCONI ANEMIA, COMPLEMENTATION GROUP Q",615272,probable,biallelic,"loss of function",,,23623386,Cancer,XPF,3436,"2016-11-29 13:19:27"
ERCC5,133530,"XERODERMA PIGMENTOSUM, GROUP G","No disease mim",confirmed,biallelic,"loss of function",,,7951246;9096355;12060391;11841555;698096;11228268;23255472;11219864;8818951,Cancer,XPGC;ERCM2,3437,"2016-11-29 13:19:27"
EXT1,608177,"EXOSTOSES, MULTIPLE, TYPE 1","No disease mim",confirmed,monoallelic,"loss of function",,,7550340;8981950;15253765;9326317,Cancer,LGS;LGCR,3512,"2016-11-29 13:19:27"
EXT2,608210,"EXOSTOSES, MULTIPLE, TYPE 2",133701,confirmed,monoallelic,"loss of function",,,9326317,Cancer,,3513,"2016-11-29 13:19:27"
FANCA,607139,"FANCONI ANEMIA, COMPLEMENTATION GROUP A",227650,confirmed,biallelic,"loss of function",,,12447395,Cancer,FACA;FANCH,3582,"2016-11-29 13:19:27"
FANCC,613899,"FANCONI ANEMIA, COMPLEMENTATION GROUP C",227645,confirmed,biallelic,"loss of function",,,10431244;20869034;8348157,Cancer,FACC,3584,"2016-11-29 13:19:27"
FANCD2,613984,"FANCONI ANEMIA, COMPLEMENTATION GROUP D2",227646,confirmed,biallelic,"loss of function",,,11239453,Cancer,FACD;FANCD,3585,"2016-11-29 13:19:27"
FANCE,613976,"FANCONI ANEMIA, COMPLEMENTATION GROUP E",600901,probable,biallelic,"loss of function",,,11001585;10205272;9382107,Cancer,FACE,3586,"2016-11-29 13:19:27"
FANCF,613897,"FANCONI ANEMIA, COMPLEMENTATION GROUP F",603467,confirmed,biallelic,"loss of function",,,26033879;9382107;10615118,Cancer,,3587,"2016-11-29 13:19:27"
FANCI,611360,"FANCONI ANEMIA, COMPLEMENTATION GROUP I","No disease mim",confirmed,biallelic,"loss of function",,,26590883;17452773,Cancer,KIAA1794,25568,"2016-11-29 13:19:27"
FANCM,609644,"FANCONI ANEMIA, COMPLEMENTATION GROUP M","No disease mim",possible,,"loss of function",,,16116422,Cancer,KIAA1596,23168,"2016-11-29 13:19:27"
FH,"No gene mim","LEIOMYOMATOSIS AND RENAL CELL CANCER","No disease mim",confirmed,monoallelic,"loss of function",,,11865300;12772087;15663510,Cancer,,3700,"2016-11-29 13:19:27"
FH,"No gene mim","FUMARASE DEFICIENCY",606812,confirmed,biallelic,"loss of function",,,8200987;22069215,Cancer,,3700,"2016-11-29 13:19:27"
FLCN,"No gene mim","BIRT-HOGG-DUBE SYNDROME","No disease mim",confirmed,monoallelic,"loss of function",,,18234728;19562744;19320655;20522427;12204536,Cancer,,27310,"2016-11-29 13:19:27"
FLCN,"No gene mim","PNEUMOTHORAX, PRIMARY SPONTANEOUS","No disease mim",confirmed,monoallelic,"loss of function",,,15657874;19562744;20413710;17496196,Cancer,,27310,"2016-11-29 13:19:27"
GATA2,137295,"EMBERGER SYNDROME",614038,confirmed,monoallelic,"loss of function",,,24227816;21892158;20803646,Cancer,,4171,"2016-11-29 13:19:27"
GATA2,137295,"IMMUNODEFICIENCY 21","No disease mim",confirmed,monoallelic,"loss of function",,,21242295;24227816;22996659;21670465;2543925,Cancer,,4171,"2016-11-29 13:19:27"
GPC3,300037,"SIMPSON-GOLABI-BEHMEL SYNDROME, TYPE 1",312870,confirmed,hemizygous,"loss of function",,,9950367;10814714;17850639;16158429;18203194,Cancer,SDYS,4451,"2016-11-29 13:19:28"
MEN1,"No gene mim","MULTIPLE ENDOCRINE NEOPLASIA 1","No disease mim",confirmed,monoallelic,"loss of function",,,15205994;11134142;9554741;12417605;9498491;9709921;9361035;10647896;15240620;12050235;9241276;15870131;22275377;9215689;9103196,Cancer,,7010,"2016-11-29 13:19:28"
MET,"No gene mim","RENAL CELL CARCINOMA, PAPILLARY, 1","No disease mim",confirmed,monoallelic,,,,9563489;9140397,Cancer,,7029,"2016-11-29 13:19:28"
MLH1,"No gene mim","MUIR-TORRE SYNDROME","No disease mim",confirmed,monoallelic,"loss of function",,,4063166,Cancer,COCA2,7127,"2016-11-29 13:19:28"
MLH1,"No gene mim","CONSTITUTIONAL MISMATCH REPAIR DEFICIENCY SYNDROME","No disease mim",confirmed,biallelic,"loss of function",,,26318770;22692065;7661930;17440981,Cancer,COCA2,7127,"2016-11-29 13:19:28"
MLH1,"No gene mim","COLORECTAL CANCER, HEREDITARY NONPOLYPOSIS, TYPE 2","No disease mim",confirmed,monoallelic,"loss of function",,,12919137;7584997;8128251;12124320;9245993;9831355;21785361;9927034;15571801;19419416;2022152;14635101;20533529;10598809;15923275;20858721;16341550;8145827;9927033;19142183;12112654,Cancer,COCA2,7127,"2016-11-29 13:19:28"
MSH2,"No gene mim","COLORECTAL CANCER, HEREDITARY NONPOLYPOSIS, TYPE 1","No disease mim",confirmed,monoallelic,"loss of function",,,10528862;12694232;22781090;7874129;8723682;10051005;8261515;23170986;12658575;7937795;16451135;15042510,Cancer,COCA1,7325,"2016-11-29 13:19:28"
MSH6,"No gene mim","ENDOMETRIAL CANCER, FAMILIAL","No disease mim",confirmed,monoallelic,"loss of function",,,8075649,Cancer,GTBP,7329,"2016-11-29 13:19:28"
MSH6,"No gene mim","COLORECTAL CANCER, HEREDITARY NONPOLYPOSIS, TYPE 5","No disease mim",confirmed,monoallelic,"loss of function",,,9354786;10508506;7604266,Cancer,GTBP,7329,"2016-11-29 13:19:28"
MUTYH,"No gene mim","ADENOMAS, MULTIPLE COLORECTAL","No disease mim",confirmed,biallelic,"loss of function",,,11818965;12393807;12606733;15690400,Cancer,,7527,"2016-11-29 13:19:28"
NF1,613113,"NEUROFIBROMATOSIS, TYPE 1","No disease mim",confirmed,monoallelic,"loss of function",,,11389087,Cancer,,7765,"2016-11-29 13:19:28"
NF2,"No gene mim",SCHWANNOMATOSIS,"No disease mim",confirmed,monoallelic,"loss of function",,,20930055;19124645;18285426;19582488;18072270;17357086,Cancer,,7773,"2016-11-29 13:19:28"
NF2,"No gene mim","NEUROFIBROMATOSIS, TYPE 2","No disease mim",confirmed,monoallelic,"loss of function",,,8757035;8566958;7913580;7666400;8379998,Cancer,,7773,"2016-11-29 13:19:28"
NSD1,606681,"SOTOS SYNDROME 1","No disease mim",confirmed,monoallelic,"loss of function",,,12525543;16222665;11896389,Cancer,STO,14234,"2016-11-29 13:19:28"
PALB2,610355,"FANCONI ANEMIA, COMPLEMENTATION GROUP N",610832,confirmed,biallelic,"loss of function",,,17200671;17200672,Cancer,,26144,"2016-11-29 13:19:28"
PALB2,610355,"BREAST CANCER SUSCEPTIBLITY","No disease mim",confirmed,monoallelic,"loss of function",,,26248842;25337756,Cancer,,26144,"2016-11-29 13:19:28"
PMS2,"No gene mim","COLORECTAL CANCER, HEREDITARY NONPOLYPOSIS, TYPE 4","No disease mim",confirmed,monoallelic,"loss of function",,,16472587;14756672;18178629;15887124,Cancer,PMSL2,9122,"2016-11-29 13:19:28"
PRF1,"No gene mim","HEMOPHAGOCYTIC LYMPHOHISTIOCYTOSIS, FAMILIAL, 2","No disease mim",confirmed,biallelic,"loss of function",,,12716377;10583959;12229880;7851014,Cancer,,9360,"2016-11-29 13:19:28"
PRKAR1A,188830,"CARNEY COMPLEX, TYPE 1","No disease mim",confirmed,monoallelic,"loss of function",,,10973256;10974026;11115848;12424709;15371594,Cancer,PRKAR1;TSE1,9388,"2016-11-29 13:19:28"
PTCH1,601309,"BASAL CELL NEVUS SYNDROME",109400,confirmed,monoallelic,"loss of function",,,8658145;22572734;8681379;12900905,Cancer,NBCCS;PTCH,9585,"2016-11-29 13:19:28"
PTEN,601728,"COWDEN SYNDROME 1","No disease mim",confirmed,monoallelic,"loss of function",,,11536076,Cancer,BZS;MHAM,9588,"2016-11-29 13:19:28"
RAD51C,602774,"FANCONI ANEMIA, COMPLEMENTATION GROUP O","No disease mim",possible,biallelic,"all missense/in frame",,,20400963,Cancer,,9820,"2016-11-29 13:19:28"
RAD51C,602774,"BREAST-OVARIAN CANCER, FAMILIAL, SUSCEPTIBILITY TO, 3","No disease mim",confirmed,monoallelic,"loss of function",,,20400964;26261251;21990120;21616938,Cancer,,9820,"2016-11-29 13:19:28"
RB1,"No gene mim",RETINOBLASTOMA,"No disease mim",confirmed,monoallelic,"loss of function",,,17299438;7881418;16631255;12016586;2594029;1352883;10486322;9341870;16988938;2601691;9400934;1881452,Cancer,OSRC,9884,"2016-11-29 13:19:29"
RECQL4,603780,"ROTHMUND-THOMSON SYNDROME",268400,confirmed,biallelic,"loss of function",,,10678659;20503338;12838562;9878247;10319867;12734318,Cancer,,9949,"2016-11-29 13:19:29"
RET,"No gene mim","MEDULLARY THYROID CARCINOMA","No disease mim",confirmed,monoallelic,,,,9506724;11454140;8099202;7915165;7906866;3697657;10323403;9111992;14602786;15240641,Cancer,HSCR1;MTC1;MEN2B;MEN2A,9967,"2016-11-29 13:19:29"
RET,"No gene mim","MULTIPLE ENDOCRINE NEOPLASIA IIB",162300,confirmed,monoallelic,"all missense/in frame",,,11788682,Cancer,HSCR1;MTC1;MEN2B;MEN2A,9967,"2016-11-29 13:19:29"
RET,"No gene mim","MULTIPLE ENDOCRINE NEOPLASIA IIA","No disease mim",confirmed,monoallelic,"all missense/in frame",,,10522989;15292360;12466368,Cancer,HSCR1;MTC1;MEN2B;MEN2A,9967,"2016-11-29 13:19:29"
RHBDF2,"No gene mim","TYLOSIS WITH ESOPHAGEAL CANCER","No disease mim",confirmed,monoallelic,"all missense/in frame",,,22638770;13209063;8666405,Cancer,RHBDL6;TOC,20788,"2016-11-29 13:19:29"
RUNX1,"No gene mim","PLATELET DISORDER, FAMILIAL, WITH ASSOCIATED MYELOID MALIGNANCY","No disease mim",confirmed,monoallelic,"loss of function",,,19357396;10508512;18478040;11830488;12060124,Cancer,AML1;CBFA2,10471,"2016-11-29 13:19:29"
SBDS,607444,"SHWACHMAN-BODIAN-DIAMOND SYNDROME","No disease mim",confirmed,biallelic,"loss of function",,,14749921;12496757,Cancer,,19440,"2016-11-29 13:19:29"
SDHAF2,"No gene mim","PARAGANGLIOMAS 2","No disease mim",confirmed,monoallelic,"all missense/in frame",,,6286462;24523625,Cancer,PGL2;C11orf79,26034,"2016-11-29 13:19:29"
SDHB,"No gene mim","GASTROINTESTINAL STROMAL TUMOR","No disease mim",confirmed,monoallelic,"loss of function",,,9697690;11505412;11073817;9438854,Cancer,SDH1;SDH,10681,"2016-11-29 13:19:29"
SDHB,"No gene mim","PARAGANGLIOMAS 4","No disease mim",confirmed,monoallelic,"loss of function",,,12213855;15531530;14715873;11404820;16258955;16405730;14685938;20503330,Cancer,SDH1;SDH,10681,"2016-11-29 13:19:29"
SDHB,"No gene mim","PARAGANGLIOMA AND GASTRIC STROMAL SARCOMA","No disease mim",confirmed,,"loss of function",,,15383933;17804857,Cancer,SDH1;SDH,10681,"2016-11-29 13:19:29"
SDHC,"No gene mim","PARAGANGLIOMAS 3","No disease mim",confirmed,monoallelic,"loss of function",,,26273102;12658451;15342702;11062460,Cancer,PGL3,10682,"2016-11-29 13:19:29"
SDHD,"No gene mim","CARCINOID TUMORS, INTESTINAL","No disease mim",possible,monoallelic,"all missense/in frame",,,12007193,Cancer,PGL;PGL1,10683,"2016-11-29 13:19:29"
SDHD,"No gene mim","PARAGANGLIOMAS 1, WITH OR WITHOUT DEAFNESS","No disease mim",confirmed,monoallelic,"loss of function",,,15531530;12111639;10657297;11391796;11343322;15032977;11323050;18678321;11391798;15066320;11605159;11156372,Cancer,PGL;PGL1,10683,"2016-11-29 13:19:29"
SLX4,613278,"FANCONI ANEMIA, COMPLEMENTATION GROUP P","No disease mim",confirmed,biallelic,"loss of function",,,21240275;21240277,Cancer,BTBD12,23845,"2016-11-29 13:19:29"
SMARCB1,601607,"RHABDOID TUMORS, SOMATIC","No disease mim",confirmed,monoallelic,"loss of function",,,9671307;10521299;10739763,Cancer,SNF5L1,11103,"2016-11-29 13:19:29"
STK11,"No gene mim","PANCREATIC CANCER","No disease mim",confirmed,monoallelic,"loss of function",,,8439212,Cancer,,11389,"2016-11-29 13:19:29"
STK11,"No gene mim","PEUTZ-JEGHERS SYNDROME","No disease mim",confirmed,monoallelic,"loss of function",,,15800014;15617552;9428765;15399020;12372054;9425897;15200509,Cancer,,11389,"2016-11-29 13:19:29"
TP53,"No gene mim","LI-FRAUMENI SYNDROME","No disease mim",confirmed,monoallelic,"loss of function",,,15977174;8649785;1644930;1683921;10484981;1679237;1565143;9569035;1565144;1978757;8118819;1933902;2259385;8134127,Cancer,,11998,"2016-11-29 13:19:29"
TP53,"No gene mim","ADRENAL CORTICAL CARCINOMA","No disease mim",probable,biallelic,"all missense/in frame",,,11481490;18762572,Cancer,,11998,"2016-11-29 13:19:29"
TP53,"No gene mim","CHOROID PLEXUS PAPILLOMA","No disease mim",possible,biallelic,"loss of function",,,12085209,Cancer,,11998,"2016-11-29 13:19:29"
TP53,"No gene mim",OSTEOSARCOMA,"No disease mim",confirmed,uncertain,"all missense/in frame",,,11746983,Cancer,,11998,"2016-11-29 13:19:29"
TSC1,605284,LYMPHANGIOLEIOMYOMATOSIS,606690,confirmed,monoallelic,"loss of function",,,10823953,Cancer,TSC,12362,"2016-11-29 13:19:29"
TSC1,605284,"TUBEROUS SCLEROSIS-1","No disease mim",confirmed,monoallelic,"loss of function",,,18830229;9242607;10053179;10340649,Cancer,TSC,12362,"2016-11-29 13:19:30"
TSC2,191092,"TUBEROUS SCLEROSIS-2","No disease mim",confirmed,monoallelic,"loss of function",,,12192641,Cancer,TSC4,12363,"2016-11-29 13:19:30"
VHL,"No gene mim","VON HIPPEL-LINDAU SYNDROME","No disease mim",confirmed,monoallelic,"loss of function",,,7563486;12414898;8550742;20583150;8956040;10533030;7784063,Cancer,,12687,"2016-11-29 13:19:30"
XPA,611153,"XERODERMA PIGMENTOSUM, GROUP A",278700,confirmed,biallelic,"loss of function",,,2234061;1372102;16098033;1339397,Cancer,,12814,"2016-11-29 13:19:30"
XPC,613208,"XERODERMA PIGMENTOSUM, GROUP C",278720,confirmed,biallelic,"loss of function",,,8298653;14662655;11511294;11121128;9804340;19478817,Cancer,,12816,"2016-11-29 13:19:30"
SMAD4,"No gene mim","JUVENILE POLYPOSIS SYNDROME",174900,confirmed,monoallelic,"loss of function",,,,Cancer,MADH4,6770,"2016-11-29 13:19:30"
SMAD4,"No gene mim","JUVENILE POLYPOSIS/HEREDITARY HEMORRHAGIC TELANGIECTASIA SYNDROME",175050,confirmed,monoallelic,"loss of function",,,26572829,Cancer,MADH4,6770,"2016-11-29 13:19:30"
NBN,602667,"NIJMEGEN BREAKAGE SYNDROME",251260,confirmed,biallelic,"loss of function",,,9590180;3802554,Cancer,NBS1;NBS,7652,"2016-11-29 13:19:30"
FANCG,602956,"FANCONI ANEMIA, COMPLEMENTATION GROUP G",614082,confirmed,biallelic,"loss of function",,,10807541;12552564;15657175;9806548,Cancer,XRCC9,3588,"2016-11-29 13:19:30"
BLM,604610,"BLOOM SYNDROME",210900,confirmed,biallelic,"loss of function",,,,Cancer,,1058,"2016-11-29 13:19:30"
FANCB,300515,"FANCB-RELATED FANCONI ANEMIA",229139,confirmed,hemizygous,"loss of function",,,16679491,Cancer,,3583,"2016-11-29 13:19:30"
FANCL,608111,"FANCL-RELATED FANCONI ANEMIA",234480,probable,biallelic,"loss of function",,,25754594,Cancer,PHF9,20748,"2016-11-29 13:19:30"
PHOX2B,603851,"NEUROBLASTOMA WITH HIRSCHSPRUNG DISEASE",613013,confirmed,monoallelic,"loss of function",,,12438263;15024693;16691592;26798564,Cancer,PMX2B,9143,"2016-11-29 13:19:30"
CDC73,"No gene mim","HYPERPARATHYROIDISM-JAW TUMOR SYNDROME","No disease mim",confirmed,monoallelic,"loss of function",,,,Cancer,HRPT2;HRPT1;C1orf28,16783,"2016-11-29 13:19:30"
MAX,"No gene mim","PHEOCHROMOCYTOMA, SUSCEPTIBILITY TO","No disease mim",confirmed,monoallelic,"loss of function",,,24523625,Cancer,,6913,"2016-11-29 13:19:30"
TMEM127,"No gene mim","PHEOCHROMOCYTOMA, SUSCEPTIBILITY TO","No disease mim",confirmed,monoallelic,"loss of function",,,,Cancer,,26038,"2016-11-29 13:19:30"
WRN,"No gene mim","WERNER SYNDROME","No disease mim",confirmed,biallelic,"loss of function",,,,Cancer,,12791,"2016-11-29 13:19:30"
SUFU,"No gene mim","MEDULLOBLASTOMA, ASSOCIATED WITH GORLIN SYNDROME","No disease mim",probable,monoallelic,"loss of function",,,,Cancer,,16466,"2016-11-29 13:19:30"
DICER1,"No gene mim","FAMILIAL WILMS TUMOUR","No disease mim",probable,monoallelic,"loss of function",,,26566882,Cancer,MNG1,17098,"2016-11-29 13:19:30"
HRAS,190020,"COSTELLO SYNDROME",218040,confirmed,monoallelic,,,,,Cancer,HRAS1,5173,"2016-11-29 13:19:30"
KIT,"No gene mim","FAMILIAL GIST","No disease mim",confirmed,monoallelic,,,,,Cancer,PBT,6342,"2016-11-29 13:19:30"
BRCA1,"No gene mim","FANCONI ANAEMIA COMPLEMENTATION GROUP S","No disease mim",possible,biallelic,"loss of function",,,25472942,Cancer,,1100,"2016-11-29 13:19:30"
GREM1,"No gene mim","HEREDITARY MIXED POLYPOSIS","No disease mim",confirmed,monoallelic,,,,22561515,Cancer,CRAC1;CKTSF1B1,2001,"2016-11-29 13:19:30"
RAD51D,"No gene mim","BREAST-OVARIAN CANCER, FAMILIAL, SUSCEPTIBILITY TO, 3","No disease mim",confirmed,monoallelic,"loss of function",,,26261251,Cancer,RAD51L3,9823,"2016-11-29 13:19:30"
MSH2,"No gene mim","CONSTITUTIONAL MISMATCH REPAIR DEFICIENCY SYNDROME","No disease mim",confirmed,biallelic,"loss of function",,,26318770,Cancer,COCA1,7325,"2016-11-29 13:19:30"
PMS2,"No gene mim","CONSTITUTIONAL MISMATCH REPAIR DEFICIENCY SYNDROME","No disease mim",confirmed,biallelic,"loss of function",,,26318770,Cancer,PMSL2,9122,"2016-11-29 13:19:30"
MSH6,"No gene mim","CONSTITUTIONAL MISMATCH REPAIR DEFICIENCY SYNDROME","No disease mim",confirmed,biallelic,"loss of function",,,26318770,Cancer,GTBP,7329,"2016-11-29 13:19:30"
POLE,"No gene mim","POLYMERASE PROOFREADING-ASSOCIATED POLYPOSIS","No disease mim",probable,monoallelic,,,,25860647,Cancer,,9177,"2016-11-29 13:19:30"
POLD1,"No gene mim","POLYMERASE PROOFREADING-ASSOCIATED POLYPOSIS","No disease mim",probable,monoallelic,,,,25860647,Cancer,POLD,9175,"2016-11-29 13:19:30"
NTHL1,"No gene mim","ADENOMATOUS POLYPOSIS AND CRC","No disease mim",confirmed,biallelic,"loss of function",,,25938944,Cancer,,8028,"2016-11-29 13:19:30"
SMARCB1,601607,SCHWANNOMATOSIS,"No disease mim",confirmed,monoallelic,"loss of function",,,25335493,Cancer,SNF5L1,11103,"2016-11-29 13:19:30"
LZTR1,"No gene mim",SCHWANNOMATOSIS,"No disease mim",confirmed,monoallelic,"loss of function",,,25480913,Cancer,,6742,"2016-11-29 13:19:30"
SDHA,600857,PARAGANGLIOMAS,"No disease mim",confirmed,monoallelic,"loss of function",,,26273102,Cancer,SDH2,10680,"2016-11-29 13:19:30"
